iq_age_10,adaptive_age_10,employed_age_25,independent_living_age_25,bandwidth
6.969795550034277,9.35309783060265,0.1513062286927172,0.12783773439052765,6
6.875900604619346,10.908645445257406,0.11629726637820442,0.18491755682361932,9
7.534831930890462,10.93965530547753,0.08223230019546235,0.2077072974349724,12
7.632969347987341,10.365994877152573,0.08754404939532723,0.22575049696666016,15
8.520296716016787,10.434291304309227,0.09968196259228196,0.21877457827282903,18
8.959386640818337,11.03354565936236,0.10445168043949754,0.24758742528136168,24
